Model,Train_R2,Test_R2,Test_MAE,Test_RMSE,Test_MAPE,Overfit
Random_Forest,0.9858943126517343,0.9405121824263887,11124531.29050267,26900339.200416613,821.6112298306617,0.04538213022534565
Gradient_Boosting,0.9957661102567827,0.9398340472595386,11256740.50608463,27053230.776210394,1599.6723410087193,0.05593206299724418
Decision_Tree,0.9639728357844756,0.9114518010556287,12992508.700301828,32819624.225795574,833.6544066030752,0.05252103472884684
Ridge,0.9125941302970235,0.9092419524708996,18284521.034161635,33226631.14688277,15398.830278212845,0.0033521778261239588
Linear_Regression,0.9127352944292636,0.9091363099356692,18380740.483911168,33245963.45287179,15295.369858503203,0.003598984493594415
Lasso,0.9126448403649983,0.9090731815739787,18395352.070064683,33257510.41292297,15204.257229971468,0.0035716587910196163
ElasticNet,0.9112113600282635,0.9082650141049308,18260521.098606672,33404981.640796103,16509.61547366711,0.0029463459233327605
